uuid;tabloid
0b66ec65-6e5d-4cea-98c5-514a55c9ef3c;1
068896bd-812b-5d1a-8244-4cdb177497d4;1
09ee7980-48a2-42a2-96db-19267a1bc3f4;1
00041c80-036a-4a86-b1c2-650cc9ab1686;0
05091026-5fea-4c9e-bec2-daf569293227;1
0379f10a-2ba6-5461-914d-cbdd14772ae1;0
069c9bd1-0b05-465a-b1cf-ecaa0e737b3c;1
0ab77499-6f0e-4687-aea4-2cb2e65e9cbc;1
08724617-1b31-4c88-ab0a-4b38d1c27ce8;1
09533546-e316-424a-9639-422490f057d7;1
0a1474c5-ac1d-54af-893b-7c20c1a59e62;0
0aad995e-af4e-4080-9cda-ee9419310ea4;0
03a9e01d-a992-4c76-b2b4-8034c71c856c;1
0ac0a31d-d95e-4fc9-823e-584d0dae3f44;1
034b8533-1109-405d-a87f-c78c976f4d4c;1
007cda6c-5553-5e25-a68e-e6a13a6ffbfb;1
0abde3f1-c7e4-5117-a561-554f54ff584f;1
07ca81a7-6b63-50a0-b1d7-2f25a53581ef;0
01af932f-6a78-536c-8a5e-6800432072dd;1
05541a0a-f173-45ea-8321-0837f3e54a22;0
08adb9de-6aee-4e72-aef7-b468eb7353f4;1
0338f823-0de5-52d6-b09b-c5d95705122b;0
03a9e01d-a992-4c76-b2b4-8034c71c856c;1
06f8dd31-b012-4b71-be22-695bb341d74f;1
02619fd6-d067-4a92-bc64-7e757be703a9;1
04363123-1a0d-4617-8147-fc9ae5053c9f;1
01919c67-44bc-47bf-b9f8-cbc803dfccb5;0
0cba6003-25f1-56e9-a0b0-a7d961c9c86e;0
0ca8f134-9222-4161-aa8f-c23dfc9adfc8;1
0b004482-5118-5e3a-8f2c-483e1e9febaf;0
0d520d0a-4a2c-51fb-9091-23764b9b2654;0
09789403-757c-4436-a550-ed393bdf5e1f;1
0411f3ba-e990-471f-bda6-13b00bfc9148;1
07df92f0-a14e-429a-a5a3-f6372af96340;1
05ae9e76-b5ad-487d-9440-67be9b5117b6;0
0d9efbec-2d4d-5849-8822-d3fe98b9345a;0
070e0a82-5dbc-5f40-b092-64f3330b03f4;1
00ebcefe-f065-5628-9004-38d570df94c7;0
0aa337a2-33bd-42ca-ae21-a8189b30ca7e;1
02e03819-81a8-5390-8fa8-3ce4609532c9;1
0d935c74-f4a5-5938-8ee7-bdaa9f18006a;1
04deff3b-b073-54f3-b9c4-36108931e978;0
002bd023-7945-4490-8897-032f2624a5c0;1
05360a51-ca0e-501f-be97-e62880774496;0
05541a0a-f173-45ea-8321-0837f3e54a22;1
09239389-f315-436f-9b7d-b34d9bad3379;1
02db2e8e-879e-4001-a5b5-8a3a64760ede;1
03775e2b-ae97-577e-858b-781d2fa9965c;1
06b77882-3fc3-43ba-9853-ca133530c166;1
02afc2e7-fe13-4232-b107-77d87133cd80;1
0d693885-d239-4757-a83b-51d3ee2df1c6;1
09ec3616-b749-4956-8621-1d2234b7f126;1
08fe04b9-5934-502e-b8d9-18855a894f9a;1
0203e8d0-a611-4b4a-b54e-4c5b6c412b2a;1
09f66753-154b-4d0f-b62b-7a6184393a84;1
003bf542-424e-4da2-8c5a-956d61a246ea;1
05c292a8-69f8-4563-bf80-70d1a03609f2;1
00f5af4d-97cd-4b10-8a94-0bcdb366e296;1
0a423c21-4980-48b3-8003-dab04f2fb7cd;1
06eb2950-5ccc-4a0f-84aa-7df68765fffc;1
068251b1-d424-4399-af7a-ee904560e43c;1
01675b67-816c-4acc-a857-ee712eff9497;1
0a8fa162-8990-5fbf-b6c2-feb14704b2ae;1
0c2631de-bd0d-40e7-81e2-f28e377a1d66;0
01b7a320-f4d7-549f-ad8e-cdf1636f4c59;0
0766fb5b-8dd4-4d8e-8ce7-34bb37292a01;0
03775e2b-ae97-577e-858b-781d2fa9965c;0
0551e402-1b1f-4534-8952-8c3bf5e78e40;0
082bcb2e-bd1d-4188-a317-3ec482295bbe;0
07888cd4-ba3d-404b-b210-d43be90a84ae;0
0192f448-836d-4a3b-bd99-0335e7624fde;1
0c191926-520a-4048-bc95-f335cdca4370;1
08fe04b9-5934-502e-b8d9-18855a894f9a;1
0a3373fe-f27e-4073-8e80-1e6bb7ab9221;1
047db08d-2c1b-45dc-8dfd-6a09453a4434;1
050c1f9f-f31d-455b-acf8-522b9c40c5da;1
01e63e81-3a58-4fd6-9d7c-b4a581e17965;1
047c9a88-6888-55d0-bde5-2094c2eee4cc;1
0c405982-38b5-578c-99a3-cc3cb14364b8;0
05c9bbf1-32a2-42a8-8883-6cacc793d679;0
07cfc4dd-bf6a-40b1-906c-b98551ea266e;0
098f9427-dccf-41e9-9358-3331f7767913;0
088dba98-57e2-5c2d-a231-d896b5930c4f;0
09533546-e316-424a-9639-422490f057d7;1
0d9be61e-441a-54b4-ae0e-d02a1fe87f00;1
085e3a9a-a226-4e0d-8bca-f459b1a8ae89;1
0764d45c-874a-4235-8d34-13bb024113b2;1
016bcb4f-86cd-5639-ad1d-f567600b5d35;1
0bb38b6d-1c9b-40e5-b1a5-e474582d8118;1
0795d36e-b48c-47fe-a816-13bf2562bac4;0
0a128c01-8d8d-4de8-9063-1c29fc84722f;0
08072b76-6e5f-4131-bbe4-a3e1d70679f5;1
097d0490-0039-4c18-9342-97ba55de84a1;1
0008fed6-b013-5e7c-b306-61701690b65a;0
01402d94-1d99-4659-b736-c8dcf87f8433;1
0794be9c-629d-4461-a32d-d2e43e7ac074;1
047e9faf-af37-5bda-983b-a809ad1c6b62;0
03caeaed-8bc9-4911-aa58-d16a91664900;0
0cf5391d-1acb-40bb-b720-3dceb7afb70d;1
0b66a3e7-3056-4720-866a-8de43ad9d639;0
0bce6d9b-9913-5486-b8fb-d5b709841a9a;0
031c9007-a7d9-4adf-85c6-b4c56d0a5e15;1
00041c80-036a-4a86-b1c2-650cc9ab1686;1
06f87c72-59fd-4cd3-9dfe-c6ba844bdc13;0
088fddbb-cbfd-42bc-aa00-5dfde118f695;0
0350c90b-ab64-4136-9ae4-4f32cd6cb5a7;1
0776d4a8-3d47-5fab-8887-b3f781794a7d;0
071fe802-e6aa-5172-a2b8-925724c6dcfc;1
03536b00-90ee-5dca-8f0c-7173551cbe03;0
0a5fb663-8d72-415a-b9c4-aca34af89f5c;0
07fa7081-eeda-4d0c-88a3-6e4e2ab1fb6c;0
050c1f9f-f31d-455b-acf8-522b9c40c5da;0
02bb5120-06ac-580f-97ec-c8f1078443eb;1
096c2448-a12f-493c-aa21-b4754a086501;1
01ebe964-6ef6-4b78-95de-63e8f7608433;1
0b5da3d5-865f-455c-9240-bff7e4c6f1d1;1
0ce9f71e-3e24-4121-aeab-80b644f94952;1
01636e5b-0bb0-4c15-800d-fe21abec0e1b;1
036380e0-49cc-4c01-908a-fde0c88620d6;1
0b3ff7b1-bd7c-4534-8a7e-2c5d5c724a2c;1
01d2b6a0-be5d-5675-9a39-ad27099560cc;1
068c52ac-18f8-4b4b-ada6-ed1b671b652e;1
0abc9d09-8657-4860-b4e5-841787d35565;1
0120b4b4-e048-45b4-8898-cb5e908907bc;1
036380e0-49cc-4c01-908a-fde0c88620d6;1
0d2d5d45-b8dd-4f32-9416-402ece21ccf8;1
09305d4c-a4e7-47f7-b0c7-fc0d24f077e4;1
051bd3b1-855a-4445-bc93-30066a598bb7;1
0559ef70-a29a-4af4-89c9-e1962ea7ccd7;0
02380d77-3447-4d7f-b4b4-fbda2eb59185;1
039d69be-a180-4a20-9853-3d06cae1570b;1
03644120-0316-4924-9cb7-a4cfbf057589;1
0c60caa9-d505-5921-a3e5-7368592bcc16;1
06c99251-ade7-4afd-bfb3-7e66d61bc5cc;0
0bcc8cf5-2b62-5b0c-b695-f9e9735286e1;0
0467358c-4798-4f22-b491-5d59ac180093;1
0ada8cc1-2041-48d5-a9db-0e44fc778cdc;1
01636e5b-0bb0-4c15-800d-fe21abec0e1b;1
0af8f77b-7c59-4444-b142-3a805502ca45;0
05360a51-ca0e-501f-be97-e62880774496;0
0d891d80-da0f-4e68-9f67-c4d517fb65b5;1
0b6d2d79-faac-4c97-908d-078b41c9c9eb;0
0d5fca6c-2ece-54c4-9323-f462b971e6f6;0
04dd3347-2e6b-5eb8-b1f4-d3551786ae5d;0
068e390a-07f1-4c35-8053-b0642213bfa0;1
00396584-cfe4-413e-87a2-da714a838188;0
0a8e8a50-28cc-4203-a5bd-91688e78e38b;0
0a52d45e-2d92-4b32-a73f-9650d3e9eec8;1
0349f99a-e0be-4e6f-b347-6b61d57ebcca;0
09cf38bc-fb87-5e55-a52a-e1a9a32c618a;0
04f26629-fcd6-5221-ad91-6d8b323be426;1
0b62898f-84ff-42e8-805c-69c1002ac371;1
0d160b7f-b10a-4ea1-afa7-e89c09c8ea11;1
04f8d87a-d91d-5a38-885b-a8aa66a2ee08;1
0872e135-42f2-57a7-9580-2a77f4dfc3c1;0
0d2d5d45-b8dd-4f32-9416-402ece21ccf8;0
0724e09c-7a0e-4ac5-9b67-bbf2d4233035;1
0d39d7a5-8211-40ac-a307-5d64091b4f7f;0
03e62592-afdf-4cc8-8307-98d1dc565244;1
003a20b9-b36e-44b0-b2ad-9040fbcb072f;1
02eccba4-1f91-4265-8836-d020585c2b69;0
050a1283-2549-4d9b-b7ce-40ad9bcce62d;1
0073957c-4ed0-41d2-8f31-aabd8d9431e2;0
01bb6923-ef92-4dd9-89aa-90cdc6e276e6;0
0528f7fd-e9b4-4f58-874f-3a25633179e3;1
0b444561-6528-48f2-b168-c4f9cf33b310;0
0bce6d9b-9913-5486-b8fb-d5b709841a9a;0
0b66a3e7-3056-4720-866a-8de43ad9d639;0
031c9007-a7d9-4adf-85c6-b4c56d0a5e15;1
06f87c72-59fd-4cd3-9dfe-c6ba844bdc13;0
088fddbb-cbfd-42bc-aa00-5dfde118f695;0
0776d4a8-3d47-5fab-8887-b3f781794a7d;0
0350c90b-ab64-4136-9ae4-4f32cd6cb5a7;0
071fe802-e6aa-5172-a2b8-925724c6dcfc;1
03536b00-90ee-5dca-8f0c-7173551cbe03;0
0a5fb663-8d72-415a-b9c4-aca34af89f5c;0
07fa7081-eeda-4d0c-88a3-6e4e2ab1fb6c;0
050c1f9f-f31d-455b-acf8-522b9c40c5da;0
02bb5120-06ac-580f-97ec-c8f1078443eb;0
01ebe964-6ef6-4b78-95de-63e8f7608433;0
0b5da3d5-865f-455c-9240-bff7e4c6f1d1;0
0ce9f71e-3e24-4121-aeab-80b644f94952;0
01636e5b-0bb0-4c15-800d-fe21abec0e1b;0
036380e0-49cc-4c01-908a-fde0c88620d6;0
0b3ff7b1-bd7c-4534-8a7e-2c5d5c724a2c;1
01d2b6a0-be5d-5675-9a39-ad27099560cc;0
068c52ac-18f8-4b4b-ada6-ed1b671b652e;0
0abc9d09-8657-4860-b4e5-841787d35565;0
0120b4b4-e048-45b4-8898-cb5e908907bc;0
036380e0-49cc-4c01-908a-fde0c88620d6;0
0d2d5d45-b8dd-4f32-9416-402ece21ccf8;0
09305d4c-a4e7-47f7-b0c7-fc0d24f077e4;0
051bd3b1-855a-4445-bc93-30066a598bb7;0
0559ef70-a29a-4af4-89c9-e1962ea7ccd7;0
02380d77-3447-4d7f-b4b4-fbda2eb59185;0
039d69be-a180-4a20-9853-3d06cae1570b;0
03644120-0316-4924-9cb7-a4cfbf057589;1
041a2c82-c57e-450b-b19e-076112adf955;0
0c60caa9-d505-5921-a3e5-7368592bcc16;1
06c99251-ade7-4afd-bfb3-7e66d61bc5cc;0
0bcc8cf5-2b62-5b0c-b695-f9e9735286e1;0
0467358c-4798-4f22-b491-5d59ac180093;0
0ada8cc1-2041-48d5-a9db-0e44fc778cdc;0
01636e5b-0bb0-4c15-800d-fe21abec0e1b;0
0af8f77b-7c59-4444-b142-3a805502ca45;0
05360a51-ca0e-501f-be97-e62880774496;1
0d891d80-da0f-4e68-9f67-c4d517fb65b5;0
0b6d2d79-faac-4c97-908d-078b41c9c9eb;0
0d5fca6c-2ece-54c4-9323-f462b971e6f6;1
04dd3347-2e6b-5eb8-b1f4-d3551786ae5d;0
036380e0-49cc-4c01-908a-fde0c88620d6;0
01d2b6a0-be5d-5675-9a39-ad27099560cc;0
068c52ac-18f8-4b4b-ada6-ed1b671b652e;0
0abc9d09-8657-4860-b4e5-841787d35565;0
0120b4b4-e048-45b4-8898-cb5e908907bc;0
036380e0-49cc-4c01-908a-fde0c88620d6;0
0d2d5d45-b8dd-4f32-9416-402ece21ccf8;0
09305d4c-a4e7-47f7-b0c7-fc0d24f077e4;1
051bd3b1-855a-4445-bc93-30066a598bb7;0
0cb029fb-e79f-505c-8b00-cb41279663aa;1
00d1e5ac-3104-5bd8-8beb-3778d5bab6ae;0
0d9cf63f-114d-4e10-ba77-5eea8a3a868a;1
09ea6e8d-7647-40b4-95f5-627ae57a97fc;1
0a5fb663-8d72-415a-b9c4-aca34af89f5c;1
06c99251-ade7-4afd-bfb3-7e66d61bc5cc;0
0a6be610-b541-5ca4-a1dc-baa4b9d281a6;0
022c5933-68d7-5d78-b6a9-deca59eaff40;0
03644120-0316-4924-9cb7-a4cfbf057589;0
090f5edd-cb78-4728-a769-e140dfd133d7;0
076c7363-5b3d-5c6e-90d7-545004e48d70;0
091ca2ac-192e-4e7d-ad73-694d2df71fa7;0
0c024932-dad4-413c-abe3-abcb332bd415;1
0205ec64-ff66-49c7-b561-6689171ddee0;1
0b453979-4119-5d47-9003-8e26235ce090;0
0b28dc10-0501-4247-b0ce-8d1321b01d1c;1
09ea6e8d-7647-40b4-95f5-627ae57a97fc;1
053637ee-ab52-4a8f-a11b-2983fb5287fc;1
09bf7f0d-a194-5408-9cc5-4aa0badd84d0;0
01f5927b-286f-5f69-bef0-e2b62dec1c94;1
05bd63a9-46bc-4bb8-b781-8fbb75fd6d5c;1
09d3cda3-f8db-4958-9eef-8f1f85c7b76f;1
03fc0692-b19a-473c-8dac-9b0ba7a75544;0
09a5b86d-ca5c-5df1-90ad-7c8377089270;0
03cae7ff-9e82-4164-932d-010c6f48cb2f;0
03db1d8a-adf6-490f-a82b-f7d033530db5;0
097100d4-43d3-4e73-ba5e-da7e38426bb9;0
0ccef334-8a7c-4b13-9336-d985b8d82ad8;0
0abde3f1-c7e4-5117-a561-554f54ff584f;1
00f5af4d-97cd-4b10-8a94-0bcdb366e296;1
04f26629-fcd6-5221-ad91-6d8b323be426;1
0c359224-5dde-41b3-a587-62c2badfe8db;0
036a30c8-78e4-4e99-9aa8-a82e0fd4ba5a;0
018698f0-2c3c-4ef0-a4e3-2175726bc219;0
01fe3123-59d9-5a48-acc2-9de52aa00d2b;0
083ecfbf-1fe3-4ea1-a63b-81f54d4dabd9;0
0b00507a-6ac8-57c0-91c9-76dad1f82d52;0
08254091-a5a6-5ba8-bc9e-c9d3ec4e5535;0
05b802b8-861f-4782-abc8-f3f17cca2b65;1
0bb38b6d-1c9b-40e5-b1a5-e474582d8118;1
01919c67-44bc-47bf-b9f8-cbc803dfccb5;1
08ee20fa-b8c0-4d86-8181-d4f92c36f991;1
033207bf-ac58-44e7-8240-44992f8e55ee;1
01a5701e-acb0-43f7-9ef0-2df46f5f4d9a;1
0a7ca9f0-9d22-4c85-be85-66f033b150fd;1
08d12518-4cc1-50f7-a97a-303a1974b41d;0
0bc480be-0554-4694-9f8a-0f291b849dd6;1
003266be-90b9-4cc5-941b-e32910f188d6;1
0c585715-2c29-4250-a04e-a9e86388edb5;1
08286a2e-6df1-4ed2-a804-22749e02c04d;0
09169996-af2a-5467-a755-3af7690a2828;1
0a7ac42f-e303-570c-807c-ae1e03f913da;1
09ee7980-48a2-42a2-96db-19267a1bc3f4;1
090f52e1-e17a-44a5-8891-a9db5607885c;1
07b80295-db85-4471-9572-588b87f7d9cf;0
0d5456c4-3daa-4599-87b1-891d51852264;1
0a4f3ee5-c25d-4012-929c-271911cc7c04;1
0a5f86e1-68d2-48da-9041-87711f07b349;1
0d43ee9a-1e91-5ef2-8cd1-52c2dda169a1;0
0c100ef1-e122-44d7-a4e8-53bb315bf4e5;1
0db100e6-046f-4184-8f56-70e74117eae8;1
081583e9-9779-4629-8ddd-d5bf1c536f91;1
08ee20fa-b8c0-4d86-8181-d4f92c36f991;1
0317feca-08b6-4bbf-b726-8102c461943c;1
05f72e57-802f-49a0-a75a-3dfe69959e6c;0
0987b277-f0db-4abd-9e1c-245e7904dd43;0
0a91c779-5d20-43d1-8d75-460a84e71057;1
013304c8-d904-53b4-891c-08172a886e1d;1
07375809-dc01-469f-af84-2f7f22180d1e;1
05091026-5fea-4c9e-bec2-daf569293227;1
0aa337a2-33bd-42ca-ae21-a8189b30ca7e;1
04f804ad-cedb-57d5-865b-b4c3f429e6e6;1
081583e9-9779-4629-8ddd-d5bf1c536f91;1
08ee20fa-b8c0-4d86-8181-d4f92c36f991;1
0db100e6-046f-4184-8f56-70e74117eae8;1
0317feca-08b6-4bbf-b726-8102c461943c;1
0987b277-f0db-4abd-9e1c-245e7904dd43;1
0a91c779-5d20-43d1-8d75-460a84e71057;1
07375809-dc01-469f-af84-2f7f22180d1e;1
05091026-5fea-4c9e-bec2-daf569293227;1
0aa337a2-33bd-42ca-ae21-a8189b30ca7e;1
04f804ad-cedb-57d5-865b-b4c3f429e6e6;1
013304c8-d904-53b4-891c-08172a886e1d;1
08f9ceaf-5c16-4dc4-8097-d338be91405c;1
02018dde-6ef3-4fef-9c8f-56ee014ea26e;0
06c20e3a-486c-4734-ac9a-a3d97123cdef;1
09789403-757c-4436-a550-ed393bdf5e1f;1
09d3cda3-f8db-4958-9eef-8f1f85c7b76f;1
097cb6fe-34b0-46e9-bc56-e9258993cd94;1
028b957f-5a40-4193-902c-ffb9024ea8ab;1
01a24d7c-0ea4-51b4-ab61-09eb04353e25;1
0d308daa-0c34-44cf-be44-f605210defe8;1
059e20a9-30c9-4a6e-bf5e-8234fc1ac35c;1
0d99e5f3-d66c-553f-92c2-082421e0bcc1;0
0029760d-3d85-45c7-b465-fa61ec43e9ab;0
082e61cc-bceb-5e74-9ceb-32792d05be50;0
0984ab90-64ed-57df-97b7-f8ff20b85291;0
02624e9b-ccb1-54d0-ab84-1bc6712d5a6f;0
0b7a8ecd-6da7-51fc-9b9b-6930ed569ba0;1
04a088ab-700e-43b2-9373-6aebb403737f;0
094b3c65-e936-4b95-bcd8-b6f5a1248b84;0
0d9cf63f-114d-4e10-ba77-5eea8a3a868a;1
0b8e5f01-a8ee-427a-8911-666662b2506f;1
078a06d0-a059-485c-a8db-cca02c7b3848;1
08ec3376-7596-4339-ac98-6a3340625e8a;1
097d0490-0039-4c18-9342-97ba55de84a1;1
01ebe964-6ef6-4b78-95de-63e8f7608433;1
04710958-ee30-5105-923e-6abc22109bd4;1
05b802b8-861f-4782-abc8-f3f17cca2b65;1
05c292a8-69f8-4563-bf80-70d1a03609f2;1
0bd20ca5-bcec-441a-b3b5-2593e85b6f7e;0
062d21f0-5045-53ea-b4d5-be01f1689149;1
04829a40-a616-4f3b-8c9b-96765efee69f;1
097100d4-43d3-4e73-ba5e-da7e38426bb9;0
0a51f94c-d3f0-409e-af32-527034b51df2;1
055fcc0f-2a6e-447c-8120-26bfdba33f4a;1
041a2c82-c57e-450b-b19e-076112adf955;0
0195f7f9-630e-4eeb-b2d8-03ec1a32dea2;1
00998791-a494-4eb7-a1fd-9d00bcc67d36;1
0741b9f5-3ede-4fd1-9da5-e870e747c6dd;1
0497a6ca-6f01-45ed-88ae-28a8b0c2a3d2;1
0348a242-8afd-48a3-a683-9ec68229d562;0
0cb5a2d4-433d-518f-867c-219876e28f22;0
0d39d7a5-8211-40ac-a307-5d64091b4f7f;0
0c592a8c-80d2-4976-b382-eff1e146c5f1;1
01935874-be63-41c2-9786-41615942a624;1
07c4440e-6db1-53b6-b055-1e3833282127;1
044c4cb9-6f4b-4e2d-967c-128c380209b9;0
00a11d4f-919f-4d02-bb54-1ce5195922b9;0
00ebcefe-f065-5628-9004-38d570df94c7;0
09d3cda3-f8db-4958-9eef-8f1f85c7b76f;1
03727897-02ca-5559-b522-10f4dd9a4a4d;0
081deeca-7618-5256-9a0f-a0effd8e2aef;0
038391b2-79c3-56cd-9d02-a8f5f9507b63;0
0364bc05-7610-4474-bb36-fb29286b8440;1
0d69ae16-2fe3-4a97-b3d4-8bfd0bc9f9bf;0
0be9e7fd-d2b1-467a-b4bb-82e21142f933;0
08f9ceaf-5c16-4dc4-8097-d338be91405c;0
03d9acde-981e-56a4-8a62-9c6b56cf3c4e;0
0d0d0e60-1b5f-5fd2-9087-ec45328d12e7;0
04034eb5-6de6-4dcb-bf43-561dff234762;0
032f719b-75f2-48e3-9086-c8794e5e97f8;0
070cf60b-fd7c-44ef-bad2-dcb0be3cb498;0
0d31b13a-708b-5d84-bfaa-296163d379df;0
00a8e5b0-e5c3-5390-abb7-52e92205b760;0
097100d4-43d3-4e73-ba5e-da7e38426bb9;0
058fcaa6-9efc-4400-8c19-bc9e77787fbc;0
03cd51d8-0397-4e9c-8569-2e222fc3e627;1
01b4e559-51e9-5618-aa40-446e0c94ff1e;1
06807fd4-cec1-5f64-9968-5c0add432b76;1
0cf18d62-dbb4-4926-95d0-4f9e09adf224;1
057d3d2d-5cef-486d-982a-d0e152d1fa5d;0
0d9c115d-af0f-4121-9d00-5375247f6fc0;1
082de8a9-7700-5df0-a88f-6f86eae991df;0
0bf6228b-135c-5136-989c-afb1b945acde;1
0169cd1f-d0ea-49c8-98da-6d2d9ddaff02;1
0abf594f-06cc-4d2e-8bbf-b65f5a77a1f6;0
096cd849-7fe9-41d0-8eb4-0144a3205d26;1
0a8e8a50-28cc-4203-a5bd-91688e78e38b;0
0cc64c82-c5af-4e4b-8c0a-82fae7389242;1
0a5f86e1-68d2-48da-9041-87711f07b349;0
0594009d-d09f-49c0-b8dd-4eeae46194e2;1
06b77882-3fc3-43ba-9853-ca133530c166;1
0c341511-80c7-4a31-82a0-3996a6acd8f7;1
0ce6b354-a3bb-460f-bba2-507801fd4db9;1
0bcaf108-b93b-483f-8848-96e36cb2a1d3;0
053f0486-4230-581f-bdcc-ce1ef5238a2b;1
088ef4bd-43c1-4d9f-ae0d-3d8fafe40ec4;1
09cf38bc-fb87-5e55-a52a-e1a9a32c618a;1
090f52e1-e17a-44a5-8891-a9db5607885c;1
04849630-34e9-455a-b90a-5b76f1bcda4e;1
07a316c2-a8c9-465a-a3f1-e29f39ac55f9;1
01f75a73-18fd-4b5c-93e0-deb3f6448a96;0
035247ec-c045-4388-87f0-5380d43cfd3f;0
02e6bd5a-6f81-482d-b1d0-c5534a31c30a;1
06260918-f215-4c51-b97c-931649832dc5;1
06c99251-ade7-4afd-bfb3-7e66d61bc5cc;1
068896bd-812b-5d1a-8244-4cdb177497d4;1
08ed49bf-8010-5d31-bd4d-5eb8bc93390d;1
07bd0df0-438a-412b-ac11-d6811a0f3793;1
035247ec-c045-4388-87f0-5380d43cfd3f;0
03b97c30-ac7c-42d5-9a67-7b9e4470a868;1
0985350c-44c4-4556-b253-5a24c5c57a92;1
03e62592-afdf-4cc8-8307-98d1dc565244;1
08c71d68-25b0-4865-8e0c-e3ac3d2c4d57;1
081c68d5-c3cc-480c-b6ff-5cab68b02697;1
0cc1c40a-52b5-5b7c-93df-ef731d0440d2;1
04a01d1f-4d9b-5ff2-9ed7-df5dde8d6aa4;0
0acf86ef-a1ba-4093-b8f9-60f744adc9ad;1
009e9236-aa86-52da-84d9-7db061e9c0a9;1
04aec320-ee97-4fba-a8eb-8799687f24d3;1
02e6bd5a-6f81-482d-b1d0-c5534a31c30a;1
0c03aa98-e5e7-493e-8b35-0d40ab97e884;1
00df1944-ce87-54aa-be90-b65953a579a6;1
064a4ef6-190a-487c-9a57-26cd30b8c263;1
094da0bc-927f-5669-8d4e-1fe00d277e94;1
0cb4d04a-d38a-4c43-80b6-d7276e10970b;0
0561995c-4d6f-4b06-9b9d-c43e8cdd8960;1
04836f6e-85e4-54f0-849c-4806b88da032;1
081c68d5-c3cc-480c-b6ff-5cab68b02697;1
0cc1c40a-52b5-5b7c-93df-ef731d0440d2;1
04a01d1f-4d9b-5ff2-9ed7-df5dde8d6aa4;0
0acf86ef-a1ba-4093-b8f9-60f744adc9ad;1
009e9236-aa86-52da-84d9-7db061e9c0a9;1
04aec320-ee97-4fba-a8eb-8799687f24d3;1
02e6bd5a-6f81-482d-b1d0-c5534a31c30a;1
0c03aa98-e5e7-493e-8b35-0d40ab97e884;1
00df1944-ce87-54aa-be90-b65953a579a6;1
064a4ef6-190a-487c-9a57-26cd30b8c263;1
094da0bc-927f-5669-8d4e-1fe00d277e94;1
0cb4d04a-d38a-4c43-80b6-d7276e10970b;0
08c71d68-25b0-4865-8e0c-e3ac3d2c4d57;1
0604e6d7-dd2a-47f0-9c73-1d7a98be8444;0
03a3dd6d-1c04-4458-bb7c-9ac54f2d0a41;1
0b62898f-84ff-42e8-805c-69c1002ac371;1
07108dd0-e818-5583-a629-caa1617b0a13;1
0987b277-f0db-4abd-9e1c-245e7904dd43;1
03c8b210-e752-494d-bbcb-66dd93649011;1
083ecfbf-1fe3-4ea1-a63b-81f54d4dabd9;1
0a585c0b-b711-4fe5-89c7-c3450ad5e93e;1
068c7b7d-5482-40f8-9473-857414466efc;1
0bf6228b-135c-5136-989c-afb1b945acde;1
0a423c21-4980-48b3-8003-dab04f2fb7cd;1
07b0a0d0-75c7-4576-b17e-65332be7af02;1
0018b78e-d8d4-4339-b5e2-9629aed93b3f;1
05b28981-b63a-4ee9-a272-01a1239f224a;1
00436b5a-af7a-5f43-8e1b-b1297f7a2d0c;1
0752dd37-4c41-4429-8dd2-ee82dbb5d392;1
0c8a90ac-d677-41c8-8557-9277c3d4ba78;1
0a92aeca-70a7-53b5-8850-73d5c39364aa;0
0c592a8c-80d2-4976-b382-eff1e146c5f1;1
0598e6b5-a1c7-47b4-a49e-231cbe4463f7;1
03a3b872-0b75-5352-9736-5725cd66345e;1
07df92f0-a14e-429a-a5a3-f6372af96340;1
0516a2d6-8d3a-4b4f-8b54-9d6144be0f12;1
0d82b8d5-476d-4d37-a787-caad4a6fd0dc;1
09789403-757c-4436-a550-ed393bdf5e1f;1
0a92aeca-70a7-53b5-8850-73d5c39364aa;0
0c592a8c-80d2-4976-b382-eff1e146c5f1;1
07df92f0-a14e-429a-a5a3-f6372af96340;1
0516a2d6-8d3a-4b4f-8b54-9d6144be0f12;1
0d82b8d5-476d-4d37-a787-caad4a6fd0dc;0
09789403-757c-4436-a550-ed393bdf5e1f;1
016e1f58-b048-58ba-abdf-d4bde02f950d;1
08f095ad-7a10-409e-8511-dc74cf396b40;0
0495880c-6f44-430c-bcf6-266ada073bdb;0
077cc99e-ba00-5cc8-b5db-81fdf42b253e;1
01489550-794b-49f9-a02e-c65098c2913c;1
0ba28512-59b2-54a1-b5cf-04b83caa0e75;1
0196e7f8-0912-4ce6-a97c-65e03437690c;1
0bce6d9b-9913-5486-b8fb-d5b709841a9a;1
05dd0752-37e1-4874-a244-b1d20e084680;0
09bf7f0d-a194-5408-9cc5-4aa0badd84d0;1
04849630-34e9-455a-b90a-5b76f1bcda4e;0
0d196bdd-04b5-4fc6-b429-1a0da6519cf8;1
08f095ad-7a10-409e-8511-dc74cf396b40;1
0b5da3d5-865f-455c-9240-bff7e4c6f1d1;0
02e4d053-a2e5-5706-87d6-98f2e1c85ad6;0
0ca75baa-75d7-4fa3-9704-40e45b6bb483;1
0a727eb3-fe96-48d4-8609-5f7d47ea734e;1
0bcac184-f7b5-42b2-a62a-10800e0f0bb6;1
030e1f61-792b-4458-be09-55fb186aa738;1
082ecec1-783e-40ab-aef9-d5276b1f825f;1
075960d5-f593-430c-9f70-003f3aae5c94;1
04440876-9ea1-4170-993b-4339fe2a1c07;1
052529c5-53a3-4e44-aaf1-6fe3077d1bd4;1
0b5c600f-7109-469d-bb3f-077e280557a1;1
085c339a-75bf-49b1-9640-24644d6a6660;1
015b3926-8159-59b3-87a9-7b98e6a853bf;0
034b8533-1109-405d-a87f-c78c976f4d4c;1
0027447d-3bc2-5160-8d7b-ad54802edc0c;1
00197a02-6959-44de-a2f9-b7c91b85153f;1
037043de-15f7-5b93-8e2f-5bf8c0738071;1
06d7a0b8-21b2-4e28-9361-7719f3f76d2a;1
0964f836-b3b7-5eed-aa4b-98063d042ce6;0
0d1c6ae2-bc14-5a39-99f1-f0a1a1d54cca;1
076c7363-5b3d-5c6e-90d7-545004e48d70;0
0c592a8c-80d2-4976-b382-eff1e146c5f1;1
0d8c2559-6379-40c8-bd75-ada5bd0a8b01;1
0d10f783-75d7-551d-bb0d-8b79fb0c48ad;1
03a9e01d-a992-4c76-b2b4-8034c71c856c;1
09b8b811-8cc4-4975-9eb7-780ad09cc1c9;1
05a23744-e2bb-5964-b8be-d517312e6155;0
06529584-d1e2-4497-bddd-c5829e91db6f;1
0cfeaa33-4f48-4885-95db-b3eebf2a0891;1
0bc480be-0554-4694-9f8a-0f291b849dd6;1
059267c9-8d3b-41ec-8f31-142907f8be4b;0
039d69be-a180-4a20-9853-3d06cae1570b;0
00043af2-3d28-50c4-b060-c2094f8c6201;0
0a92aeca-70a7-53b5-8850-73d5c39364aa;0
034d87a3-e7a8-453a-b973-23d1e904d35e;0
0872e135-42f2-57a7-9580-2a77f4dfc3c1;0
0bf3d6ed-7e7a-4c55-8825-808c8f837dff;0
04440876-9ea1-4170-993b-4339fe2a1c07;0
0a1474c5-ac1d-54af-893b-7c20c1a59e62;1
047e9faf-af37-5bda-983b-a809ad1c6b62;0
094da0bc-927f-5669-8d4e-1fe00d277e94;0
0375a472-afbf-40c6-bafa-b6f24408602a;1
08d2b94e-a363-4970-b206-437bb11e59c2;1
0b9494b5-c1fd-42ae-903f-38c2223460b9;0
07c4440e-6db1-53b6-b055-1e3833282127;1
0c2214e3-0b57-50cd-8073-cae58b5e353a;0
0d39d7a5-8211-40ac-a307-5d64091b4f7f;0
003bf542-424e-4da2-8c5a-956d61a246ea;0
0c32f14c-78e8-42ee-9a90-65ee5a91df75;0
0d75edc4-b3ec-56c9-b14d-569ccbef1b1f;0
02f78934-4d2c-416d-ba05-823f9c020244;0
0a268b80-118f-471d-9e17-f01f88f2e88d;0
0495880c-6f44-430c-bcf6-266ada073bdb;0
06e40e7a-cb60-4b94-9766-c0e541e408c7;0
0a423c21-4980-48b3-8003-dab04f2fb7cd;0
05a23744-e2bb-5964-b8be-d517312e6155;0
0a5fb663-8d72-415a-b9c4-aca34af89f5c;0
0b311269-7bc6-4237-9000-0c092994e28b;0
0cf7aff2-b7b3-4375-8819-b35304a31b21;1
0232f5b5-1291-40bc-a30b-3441a886a85c;1
0724e09c-7a0e-4ac5-9b67-bbf2d4233035;1
0c1b222a-5c4f-47ae-b5dc-c11be361b47b;0
0da421d7-addf-4cea-b7a6-a989472e0310;0
09c68521-02ea-4291-86ba-d73a8c9837ea;0
0cf28864-076e-4d79-866c-c9e1552f83ca;0
01919c67-44bc-47bf-b9f8-cbc803dfccb5;0
01e63e81-3a58-4fd6-9d7c-b4a581e17965;1
07915437-b2c7-58c6-a896-1a75781a2c65;0
037043de-15f7-5b93-8e2f-5bf8c0738071;0
05317dc5-306e-4946-a48c-02c1fbe10074;0
031177ce-5bf0-4486-99be-78d9e4b65530;0
012c2672-47c0-4964-8724-fa1e0e90d492;1
0379f10a-2ba6-5461-914d-cbdd14772ae1;0
0b66a3e7-3056-4720-866a-8de43ad9d639;0
03aef1b4-11b0-4f07-9857-a83817ac1a10;0
02db2e8e-879e-4001-a5b5-8a3a64760ede;0
0b62898f-84ff-42e8-805c-69c1002ac371;1
055e4b5c-ea96-4c4b-80af-82ed539e7646;0
012c2672-47c0-4964-8724-fa1e0e90d492;1
0a589922-42b8-46da-8e8f-6a7562140f36;1
04363123-1a0d-4617-8147-fc9ae5053c9f;1
06d9782a-34c0-4ecc-b0a4-c9a2b01f8d1e;0
0c07df64-7e8e-4869-8bfd-f42309bfbe05;1
08295c98-b4e8-5f8e-8b9c-d1e672460364;0
04e80209-7ed2-4f34-aaa1-45dfd460e1eb;0
07b80295-db85-4471-9572-588b87f7d9cf;0
05844641-0d28-42fb-b59a-0eb51097888c;0
06b77882-3fc3-43ba-9853-ca133530c166;1
02065f3e-8878-5159-86f9-53d83e166e1f;1
06065853-64e9-5325-a52b-192d22a11115;0
077b1909-b52a-422c-9dcb-045b1ffe99cb;0
04f2b3b2-2545-5053-8563-ba6c3838d408;0
02e4d053-a2e5-5706-87d6-98f2e1c85ad6;0
004674ae-260f-4fcb-9051-51c33abd6c8f;1
039b8be6-4230-4cc5-a598-58405a108e2f;0
0bbb4ff1-47fe-4148-afe9-7781d4da2933;1
0cba6003-25f1-56e9-a0b0-a7d961c9c86e;0
03caeaed-8bc9-4911-aa58-d16a91664900;0
0516a2d6-8d3a-4b4f-8b54-9d6144be0f12;0
031177ce-5bf0-4486-99be-78d9e4b65530;0
0ca75baa-75d7-4fa3-9704-40e45b6bb483;0
0a268b80-118f-471d-9e17-f01f88f2e88d;0
01919c67-44bc-47bf-b9f8-cbc803dfccb5;0
04181cb3-f6a4-4357-8839-544dab065573;0
039b8be6-4230-4cc5-a598-58405a108e2f;0
0d0d0e60-1b5f-5fd2-9087-ec45328d12e7;0
01ea0d6b-4254-4f30-9572-1eda27d6c742;0
0ce4846f-38c4-5774-aa97-25b4e561082b;0
08235f82-23b0-4709-80b5-3203e726ccb0;0
08201210-7ca9-5492-874a-d21085d81042;0
0d9c115d-af0f-4121-9d00-5375247f6fc0;1
02700c8d-165f-4258-9cae-98685071cda9;0
038391b2-79c3-56cd-9d02-a8f5f9507b63;0
07b0a0d0-75c7-4576-b17e-65332be7af02;1
03d9acde-981e-56a4-8a62-9c6b56cf3c4e;0
08235f82-23b0-4709-80b5-3203e726ccb0;0
0cea1cff-97e4-4ce3-8640-fd8ea9a0311a;0
0afeebb2-485a-42d8-ba99-0b7cae34cc0a;1
021a8882-c30b-4a6a-922f-afe4780f3ea5;1
07c0a437-2942-4bcb-8f44-30c250ad38fa;1
0836ed9d-27db-4afd-af50-dcf46deb017d;1
0ce643f2-077f-45bb-9efa-f99bb413e04c;0
0c488d2d-1a8e-481b-9eda-5ef313776a05;0
09b5788d-605f-4212-a2db-30dbbd163651;1
0379f10a-2ba6-5461-914d-cbdd14772ae1;0
01675b67-816c-4acc-a857-ee712eff9497;0
03271b6b-4f38-4a58-bfdb-62fc7356bfd4;1
08c7ef3a-be10-4558-b5dc-b64727bdcc0b;1
01feaeac-87e8-42f2-a164-7a630a64c089;1
0a7326ad-0b67-5247-836b-acbeac8def5f;0
032f719b-75f2-48e3-9086-c8794e5e97f8;1
00d8811f-112b-423d-8052-50b22393d9eb;1
096c2448-a12f-493c-aa21-b4754a086501;1
0d99e5f3-d66c-553f-92c2-082421e0bcc1;0
094da0bc-927f-5669-8d4e-1fe00d277e94;1
00bb098e-f676-42ad-8dca-52a75b0612c5;1
0abb3eaa-caad-4d41-8fbf-d6ab203d96b4;1
06e31411-f74f-57ab-8143-67bd5fa2b03f;0
009054d6-928e-491a-8608-8ee837338922;1
003bf542-424e-4da2-8c5a-956d61a246ea;1
05a7dc36-5860-4e90-97d0-11ce723c7535;1
094da0bc-927f-5669-8d4e-1fe00d277e94;1
0370844d-cae7-4aa5-8d2b-56411f81d214;1
06529584-d1e2-4497-bddd-c5829e91db6f;0
0d869155-1e42-40bf-8dcd-181afcaa2d04;1
0d1c4fcf-f8c0-4531-9ada-5133c24427b5;0
039b8be6-4230-4cc5-a598-58405a108e2f;0
083ecfbf-1fe3-4ea1-a63b-81f54d4dabd9;0
0cc42b73-b128-4c32-b37f-500c9929ff0c;0
01402d94-1d99-4659-b736-c8dcf87f8433;1
09d94e05-192b-4337-98eb-92e036b0855a;0
09305d4c-a4e7-47f7-b0c7-fc0d24f077e4;1
09d94e05-192b-4337-98eb-92e036b0855a;0
03a3dd6d-1c04-4458-bb7c-9ac54f2d0a41;1
0d935c74-f4a5-5938-8ee7-bdaa9f18006a;1
0c4a65d1-d987-4cd9-b4ee-a7e32c0752d2;0
080b8113-3df6-4b39-8222-c1d4d53ac911;0
00dd40d8-47b3-50a4-86c3-7932349323f1;1
0c72342b-d8af-4ddb-a100-b0731dd3d01b;0
0ac0a31d-d95e-4fc9-823e-584d0dae3f44;1
0467358c-4798-4f22-b491-5d59ac180093;1
027697f6-dbc3-40c1-aeb2-73137b8f1337;0
02921bb0-73b0-446d-9eb3-ca613a48e059;0
016e1f58-b048-58ba-abdf-d4bde02f950d;0
0baaed22-75f8-4572-80ea-20ca78ba5e29;1
041a2c82-c57e-450b-b19e-076112adf955;1
0b63749f-cbd5-4b47-ad83-20d275762115;1
0c4cc7aa-9ba6-47c0-9fba-99077e3ade17;1
094da0bc-927f-5669-8d4e-1fe00d277e94;1
0c32f14c-78e8-42ee-9a90-65ee5a91df75;1
0ac0a31d-d95e-4fc9-823e-584d0dae3f44;1
027697f6-dbc3-40c1-aeb2-73137b8f1337;0
02921bb0-73b0-446d-9eb3-ca613a48e059;1
016e1f58-b048-58ba-abdf-d4bde02f950d;1
0baaed22-75f8-4572-80ea-20ca78ba5e29;1
041a2c82-c57e-450b-b19e-076112adf955;1
0b63749f-cbd5-4b47-ad83-20d275762115;1
0c4cc7aa-9ba6-47c0-9fba-99077e3ade17;1
0618c22e-5038-4e32-8e61-97cd8617b864;0
0a24c003-1ccc-5d7f-84ab-bfebd956fea6;0
07750810-f50e-4be7-80cd-293909236e1a;1
0205dbc3-1608-4017-ba25-54593fdeefe4;1
03cd51d8-0397-4e9c-8569-2e222fc3e627;1
09aca42d-03a4-5fda-8872-a54b36cf9b57;0
0895c6c7-196a-4dea-b59c-a060218bdbf6;1
03271b6b-4f38-4a58-bfdb-62fc7356bfd4;1
01ec6fa3-5a64-4549-a0f4-4af2309dd6db;1
0bcaf108-b93b-483f-8848-96e36cb2a1d3;0
0cd07afa-3268-44cd-ad59-d90b6ec773ec;1
06ea63de-6318-5a5e-a986-ac1abd2f0db2;1
0a8ebfe9-b7e7-4340-9062-c81017eb801f;1
07fb59f7-1748-4483-8257-a106879dc9dc;0
0a585c0b-b711-4fe5-89c7-c3450ad5e93e;1
08e7615d-be58-417e-8a9f-83b3bc428dc2;1
00ed1cd6-3c81-4e8c-819b-f719549ef02d;0
025571e7-4c72-486c-9e5d-21eaa7eadc03;1
03f09bc0-8b65-4c42-86c7-5fdbd77b73ce;1
0aad995e-af4e-4080-9cda-ee9419310ea4;0
06d7a0b8-21b2-4e28-9361-7719f3f76d2a;1
06aaec42-5665-58d1-a4d5-d530f32d7bd9;0
042bd391-ad26-43ae-b4d5-01fd2dcd0e53;1
0bbd154a-db6e-4369-96a3-731301bfafb4;1
0931a8df-3dd5-4a8f-9df4-034c0e96bd31;1
0931a8df-3dd5-4a8f-9df4-034c0e96bd31;1
00a11d4f-919f-4d02-bb54-1ce5195922b9;1
04a088ab-700e-43b2-9373-6aebb403737f;1
0b7e0eb5-6e1e-421a-8cf9-770fc8387c55;1
047d3c9e-26ab-498f-9b14-4808784a5b68;1
0b0fa43b-8c6a-4e0b-a4b3-3471000505fa;1
05670a97-2cf8-4f2d-887b-b948d46d7fbe;1
01298289-cc63-494a-afc1-f8778d1b9814;1
03036790-f218-442d-bccc-4e3d2141112e;1
0b66ec65-6e5d-4cea-98c5-514a55c9ef3c;0
00e3d4ef-8e51-5e55-a0e4-d9b02059fd2b;0
0762ff4e-4b0d-5d77-a2d4-15c8afe1bf6f;1
018ba977-f6e1-4d33-aef6-3098eeb2dc04;0
0614574f-8e0d-45c4-9f09-4bd0f474f5ce;0
01271961-82e0-467f-9109-91e862ed6729;1
04445bb8-ada6-5671-8240-79e9e293336e;0
041e69f9-41a7-457e-8f7e-f0747953b633;1
049c1319-f856-429d-aed5-91da34dc5544;1
0b62721a-6ed0-5ebb-90e4-341545d8cb08;0
013304c8-d904-53b4-891c-08172a886e1d;1
0a3ce467-1b64-4412-a3ef-ba46342b32e1;0
0836ed9d-27db-4afd-af50-dcf46deb017d;1
00558ca2-f7b2-4e69-8446-4ae2fe2308c9;1
09a9eeca-062d-45ba-8da4-d12067859aac;1
06e891a0-763c-5150-a529-77056bc65a59;1
01fe3123-59d9-5a48-acc2-9de52aa00d2b;0
02902b68-1327-4c26-8e89-e0ca7a8bbe3b;0
04bf1975-8f34-4a16-a3bc-30ebb4f3e843;1
0d35d2a9-a732-4845-8c5c-7d444c0201e1;1
0872e135-42f2-57a7-9580-2a77f4dfc3c1;0
01ea0d6b-4254-4f30-9572-1eda27d6c742;0
04f8d87a-d91d-5a38-885b-a8aa66a2ee08;1
03271b6b-4f38-4a58-bfdb-62fc7356bfd4;1
0b311269-7bc6-4237-9000-0c092994e28b;1
09305d4c-a4e7-47f7-b0c7-fc0d24f077e4;1
02619fd6-d067-4a92-bc64-7e757be703a9;1
0491c726-b887-4ad8-b3f1-0c9f9e42139f;0
047db08d-2c1b-45dc-8dfd-6a09453a4434;1
09ea9ef8-91c6-5dc9-b028-63c98a14299b;0
0a86c843-980c-4275-ad6c-1832e4374548;1
0747de7b-e3c8-4581-bcc4-4a474f389716;0
02e6bd5a-6f81-482d-b1d0-c5534a31c30a;0
0d8c2559-6379-40c8-bd75-ada5bd0a8b01;1
081583e9-9779-4629-8ddd-d5bf1c536f91;1
07ed6d47-6d62-4777-addc-88dac1bb70fb;1
0a589922-42b8-46da-8e8f-6a7562140f36;1
01a5701e-acb0-43f7-9ef0-2df46f5f4d9a;1
0766fb5b-8dd4-4d8e-8ce7-34bb37292a01;1
0a7326ad-0b67-5247-836b-acbeac8def5f;0
07915437-b2c7-58c6-a896-1a75781a2c65;1
0d45b02b-c201-4ffa-a4c3-47423322c938;1
031f7cce-5b03-4cbd-b7e9-3596070784ca;1
09763c0a-a04e-45db-a471-6b0d2294e81c;1
0c81f319-cef5-4c2f-8006-09b3177da34d;1
0039cc36-dfe4-5e2a-815b-b29e09b0b878;0
0741b9f5-3ede-4fd1-9da5-e870e747c6dd;1
0975e5b5-619e-4589-919f-87e77cf75527;1
0987b277-f0db-4abd-9e1c-245e7904dd43;1
0b6d9d07-e9bc-5fbb-803d-5a7c76bbf20b;0
047db08d-2c1b-45dc-8dfd-6a09453a4434;1
03ee56ed-b9fd-4a15-9f2c-af6753877dd5;1
07a5e4ec-3290-40bb-a943-8c23fca8783a;1
075d2f96-9d93-4925-b6ac-8e904ab71daf;1
044bb8af-e17e-4c9e-b93c-5d4450d0858e;1
0559ef70-a29a-4af4-89c9-e1962ea7ccd7;0
01feaeac-87e8-42f2-a164-7a630a64c089;1
09239389-f315-436f-9b7d-b34d9bad3379;0
0c207b31-e3a2-43ac-9260-f7f85d80e093;0
051c0c93-e022-5ad2-9434-fc42e251f4e8;0
0cba6003-25f1-56e9-a0b0-a7d961c9c86e;0
0152f673-aea3-431e-aa23-91da3ee5b9d9;1
035bad59-f868-41a5-b72c-58b3993bf7ca;1
0bf31f14-b1d3-4058-b88a-188de9fe0929;0
0b7e0eb5-6e1e-421a-8cf9-770fc8387c55;1
09789403-757c-4436-a550-ed393bdf5e1f;1
094da0bc-927f-5669-8d4e-1fe00d277e94;1
00290406-b0d6-53de-a404-b93d42292418;0
0230e72d-001f-5745-b204-d2f6a3ac2988;0
03775e2b-ae97-577e-858b-781d2fa9965c;1
04539065-c52a-5c38-a9ac-de4af3337c4e;0
0205dbc3-1608-4017-ba25-54593fdeefe4;1
0025f7f4-2f66-4f9a-9c53-e15d5dfb51d8;0
05c9bbf1-32a2-42a8-8883-6cacc793d679;0
0d08b12e-b498-4a59-ae6d-6e4d09327581;0
08bc5557-6e00-5f72-b9b6-96f4dfd7ca9f;0
0bf6228b-135c-5136-989c-afb1b945acde;1
0671899f-3708-4f7e-8aff-bcdfee4db7c7;0
0b34df3b-0396-44da-9d76-392bfb5fee1d;1
0bba1aa5-2aba-456a-9bb9-1de4856860a9;1
0b63749f-cbd5-4b47-ad83-20d275762115;1
044bb8af-e17e-4c9e-b93c-5d4450d0858e;1
01e25d9a-e839-48b3-a609-ee780699deb8;0
0895c6c7-196a-4dea-b59c-a060218bdbf6;1
096cd849-7fe9-41d0-8eb4-0144a3205d26;1
06c37345-0097-5f74-bfa9-3ad7a8b92c6c;0
0727fc51-6ac1-4eaa-ac59-c9c899dc9b32;1
00dd40d8-47b3-50a4-86c3-7932349323f1;1
0467358c-4798-4f22-b491-5d59ac180093;1
0205ec64-ff66-49c7-b561-6689171ddee0;1
08299da3-0f41-4abf-95c2-32c5621ca8b3;1
00d3ec4f-97c4-40a1-9643-8c6498673218;1
05be5dba-6999-45b8-8cfe-f50db29bebf4;1
0c191926-520a-4048-bc95-f335cdca4370;0
0724e09c-7a0e-4ac5-9b67-bbf2d4233035;1
00d1e5ac-3104-5bd8-8beb-3778d5bab6ae;0
0836ed9d-27db-4afd-af50-dcf46deb017d;1
01a5701e-acb0-43f7-9ef0-2df46f5f4d9a;1
0975e5b5-619e-4589-919f-87e77cf75527;1
031c9007-a7d9-4adf-85c6-b4c56d0a5e15;1
02fb5890-f015-457b-99e8-b3228aaf4a06;1
08295c98-b4e8-5f8e-8b9c-d1e672460364;0
08c71d68-25b0-4865-8e0c-e3ac3d2c4d57;1
04c3971b-9583-4c71-8db7-53531f0b71d7;1
05f8c7c7-247c-4648-b7b8-128c793b0084;1
0370844d-cae7-4aa5-8d2b-56411f81d214;1
03d9acde-981e-56a4-8a62-9c6b56cf3c4e;0
05a7dc36-5860-4e90-97d0-11ce723c7535;1
059e20a9-30c9-4a6e-bf5e-8234fc1ac35c;1
0184e962-ddfb-4ed6-abda-399b5af43dd9;1
0d9a651c-4ca9-45d3-8b7b-3e5b2b4bb633;1
026d86c2-d2c2-4a87-b2a2-ad8985d4694f;1
0b5da3d5-865f-455c-9240-bff7e4c6f1d1;0
042af703-fb06-491e-bc95-0a64a19b0423;1
041295f3-8275-4f11-91b2-2088ec776fb7;1
01e91c30-ace9-5f48-b3e8-e89c434b964f;0
03a3b872-0b75-5352-9736-5725cd66345e;0
0598680a-d313-46fd-94be-68f0e2244761;0
00ed1cd6-3c81-4e8c-819b-f719549ef02d;0
03036790-f218-442d-bccc-4e3d2141112e;1
018ba977-f6e1-4d33-aef6-3098eeb2dc04;0
07a5e4ec-3290-40bb-a943-8c23fca8783a;1
00343cf6-82eb-5627-9a1b-80c6b807f666;0
02eccba4-1f91-4265-8836-d020585c2b69;1
037043de-15f7-5b93-8e2f-5bf8c0738071;0
03e27950-4900-4c4d-866f-3d0cbe4cbcc7;1
053f0486-4230-581f-bdcc-ce1ef5238a2b;1
016e1f58-b048-58ba-abdf-d4bde02f950d;1
0a88d7c6-7fab-4cb0-81ee-509e83e74879;1
0a7326ad-0b67-5247-836b-acbeac8def5f;0
0a8e8a50-28cc-4203-a5bd-91688e78e38b;0
03036790-f218-442d-bccc-4e3d2141112e;1
0c058f92-daf6-5757-9a31-961ca4e0e1f1;0
0d9efbec-2d4d-5849-8822-d3fe98b9345a;0
0d935c74-f4a5-5938-8ee7-bdaa9f18006a;1
09184d8f-49b8-4432-9436-2684cd7d8a46;1
0bcac184-f7b5-42b2-a62a-10800e0f0bb6;1
09b5788d-605f-4212-a2db-30dbbd163651;1
0aac55dd-b194-41fb-a0f5-c712cf6e4c04;1
04445bb8-ada6-5671-8240-79e9e293336e;1
08dd69c4-f769-43da-941c-90235ad45453;1
0ce8371a-5a1a-5fba-8903-1f39c351f533;1
0b444561-6528-48f2-b168-c4f9cf33b310;1
0984ab90-64ed-57df-97b7-f8ff20b85291;0
04bf1975-8f34-4a16-a3bc-30ebb4f3e843;1
0776d4a8-3d47-5fab-8887-b3f781794a7d;0
0b2ce0cc-8347-453d-980e-de70b7df838c;1
0be3976e-5744-40e9-ab74-c27ef8d47948;1
0d97f970-ab86-461f-a65e-71bc6380c369;1
03aef1b4-11b0-4f07-9857-a83817ac1a10;1
0cc1c40a-52b5-5b7c-93df-ef731d0440d2;1
09184d8f-49b8-4432-9436-2684cd7d8a46;1
00d8811f-112b-423d-8052-50b22393d9eb;1
090f5edd-cb78-4728-a769-e140dfd133d7;1
0bba1aa5-2aba-456a-9bb9-1de4856860a9;1
068b28fa-1de1-5564-90b5-803a135d1093;1
08eef1ed-d9b7-45b3-a307-3e22df126a78;1
05a7dc36-5860-4e90-97d0-11ce723c7535;1
07dc9ee0-2c29-4ae7-bebe-a469f5b87a99;1
0da421d7-addf-4cea-b7a6-a989472e0310;1
00197a02-6959-44de-a2f9-b7c91b85153f;1
0d39b552-eddd-4f6b-85f3-e29ad5e64737;1
06065853-64e9-5325-a52b-192d22a11115;0
011d2da4-727b-5bb3-85e9-a04ea5bb40d4;1
07a316c2-a8c9-465a-a3f1-e29f39ac55f9;1
05b3584f-671e-4059-9b53-7f094ba7f51c;0
003a20b9-b36e-44b0-b2ad-9040fbcb072f;1
03727897-02ca-5559-b522-10f4dd9a4a4d;1
0752dd37-4c41-4429-8dd2-ee82dbb5d392;1
04e83baf-0664-40c2-9cb5-715c25459d2a;1
0c888044-43d2-5aae-b594-9284ac31b4d1;1
0aff932b-ca8d-40b9-851f-35ddfce49926;0
012c2672-47c0-4964-8724-fa1e0e90d492;1
0aa8461e-c2ac-46ec-b0ba-9bb8909fb7af;1
00876453-feb0-4c2a-b448-26ad88f5ab3b;1
035bad59-f868-41a5-b72c-58b3993bf7ca;1
04052512-1ed3-4d67-a295-34222583c41f;1
0aff932b-ca8d-40b9-851f-35ddfce49926;1
0a589922-42b8-46da-8e8f-6a7562140f36;0
0073957c-4ed0-41d2-8f31-aabd8d9431e2;1
051ae0f6-a00d-42d2-a8ba-1ee6382f5435;1
0bf1af9d-526d-40f8-a367-67a94b23c6d1;1
0598e6b5-a1c7-47b4-a49e-231cbe4463f7;1
09623dc0-1572-4352-ad68-2b4b141a4499;1
04077ed9-1442-4285-8e80-1b49d9d90fb2;1
0598680a-d313-46fd-94be-68f0e2244761;1
009054d6-928e-491a-8608-8ee837338922;1
0ce7b72c-acc1-4282-93a6-ab50078fecac;1
0d9c115d-af0f-4121-9d00-5375247f6fc0;1
08222dcd-e187-43b6-ac6e-381912d59330;1
034d87a3-e7a8-453a-b973-23d1e904d35e;1
041a2c82-c57e-450b-b19e-076112adf955;1
0cb4d04a-d38a-4c43-80b6-d7276e10970b;0
05f72e57-802f-49a0-a75a-3dfe69959e6c;0
04e80209-7ed2-4f34-aaa1-45dfd460e1eb;1
0a52d45e-2d92-4b32-a73f-9650d3e9eec8;1
059e20a9-30c9-4a6e-bf5e-8234fc1ac35c;1
0cba6003-25f1-56e9-a0b0-a7d961c9c86e;0
08295c98-b4e8-5f8e-8b9c-d1e672460364;0
062d21f0-5045-53ea-b4d5-be01f1689149;1
0ca05284-d417-4c4c-bcad-2d59d3811fa4;0
02700c8d-165f-4258-9cae-98685071cda9;1
0d82b8d5-476d-4d37-a787-caad4a6fd0dc;1
0c341511-80c7-4a31-82a0-3996a6acd8f7;0
036a30c8-78e4-4e99-9aa8-a82e0fd4ba5a;1
06487e38-2abd-5045-a306-3e040b59cf8c;1
03aef1b4-11b0-4f07-9857-a83817ac1a10;1
084bceaa-4033-4e1e-b77e-f1cf49ac7b04;1
00349f7c-2ddd-4ba3-8e2f-3c706fae949f;1
00374b3e-e3d1-5994-b44c-a9596802b2f6;1
062d21f0-5045-53ea-b4d5-be01f1689149;1
03e73b6a-7acf-4b14-9333-0a27c44c249d;1
00d1e5ac-3104-5bd8-8beb-3778d5bab6ae;1
02619fd6-d067-4a92-bc64-7e757be703a9;1
0d238069-6222-4808-b595-f9cac3ad0d78;1
01919c67-44bc-47bf-b9f8-cbc803dfccb5;1
0bf6228b-135c-5136-989c-afb1b945acde;1
06a51788-7e5b-44fa-b998-39b2a3048add;1
02bd05ce-cea6-4794-ab3a-3230e8eeca5e;1
01489550-794b-49f9-a02e-c65098c2913c;1
047c9a88-6888-55d0-bde5-2094c2eee4cc;1
0a4f3ee5-c25d-4012-929c-271911cc7c04;1
03d0f301-88ed-4089-a430-d424b2959650;1
01d718bb-ab1b-4e5b-b7ae-c1f6e36859e6;1
051248e4-4d38-4097-8892-cbefe5e6d9d2;1
03004262-711f-4c57-bc53-c614d9442a29;1
05990986-1962-41d1-bf3c-5627bea7a06c;1
0195f7f9-630e-4eeb-b2d8-03ec1a32dea2;1
0b62721a-6ed0-5ebb-90e4-341545d8cb08;1
031177ce-5bf0-4486-99be-78d9e4b65530;1
0409dc5d-deac-4af0-a5fd-b9e1435432e6;1
03dbccbf-a5e4-4370-9ef2-13f005d26015;1
05541a0a-f173-45ea-8321-0837f3e54a22;0
0ae73a35-dc76-4234-930c-a2e43fab03a1;0
0c477fb2-7b58-5e61-b36a-fb85f30c6cf0;1
0cb5a2d4-433d-518f-867c-219876e28f22;0
072496ca-b92f-402e-b077-3f29f36b78af;0
064a4ef6-190a-487c-9a57-26cd30b8c263;1
0724e09c-7a0e-4ac5-9b67-bbf2d4233035;1
0779a653-ace6-4845-a251-27f484e5786f;1
03196882-2676-414e-8147-8d397af47ed4;1
0bc480be-0554-4694-9f8a-0f291b849dd6;1
022c5933-68d7-5d78-b6a9-deca59eaff40;0
027390ab-bc8f-48ae-91f3-25e778b4fb10;0
0812dc8e-74df-47f8-bfda-ddee5bc9c8a9;0
0c51f11a-5f34-4bf2-9ec4-633ea3cb60ca;0
0be9e7fd-d2b1-467a-b4bb-82e21142f933;1
009e9236-aa86-52da-84d9-7db061e9c0a9;1
018ba977-f6e1-4d33-aef6-3098eeb2dc04;0
0b5c600f-7109-469d-bb3f-077e280557a1;1
076aa9ce-c0c0-504f-9698-4497b7450b26;1
0b00507a-6ac8-57c0-91c9-76dad1f82d52;1
08812828-2d51-526c-97ac-0d5f56c395b2;1
02492552-302e-4597-b7f0-cb0d282b5ca3;0
07158cb1-259f-4bc7-8894-1c5727956952;0
0abf594f-06cc-4d2e-8bbf-b65f5a77a1f6;0
0a589922-42b8-46da-8e8f-6a7562140f36;0
082e61cc-bceb-5e74-9ceb-32792d05be50;0
02380d77-3447-4d7f-b4b4-fbda2eb59185;1
08f58e6e-3190-40d5-ba3d-d1394c1d69e2;1
071fe802-e6aa-5172-a2b8-925724c6dcfc;0
08a7e3f5-9c23-41d1-9ece-f091fc6aedc0;1
00558ca2-f7b2-4e69-8446-4ae2fe2308c9;0
00436b5a-af7a-5f43-8e1b-b1297f7a2d0c;0
051803b0-d65e-42bf-ad83-c6f78e38692f;1
0b149fa4-5f4c-4848-90a5-f23b9ef21024;1
0c51f11a-5f34-4bf2-9ec4-633ea3cb60ca;0
0be9e7fd-d2b1-467a-b4bb-82e21142f933;1
009e9236-aa86-52da-84d9-7db061e9c0a9;1
018ba977-f6e1-4d33-aef6-3098eeb2dc04;0
0b5c600f-7109-469d-bb3f-077e280557a1;1
076aa9ce-c0c0-504f-9698-4497b7450b26;0
0812dc8e-74df-47f8-bfda-ddee5bc9c8a9;1
02492552-302e-4597-b7f0-cb0d282b5ca3;1
07158cb1-259f-4bc7-8894-1c5727956952;1
0abf594f-06cc-4d2e-8bbf-b65f5a77a1f6;0
0a589922-42b8-46da-8e8f-6a7562140f36;0
082e61cc-bceb-5e74-9ceb-32792d05be50;1
02380d77-3447-4d7f-b4b4-fbda2eb59185;0
08f58e6e-3190-40d5-ba3d-d1394c1d69e2;0
071fe802-e6aa-5172-a2b8-925724c6dcfc;1
08a7e3f5-9c23-41d1-9ece-f091fc6aedc0;0
00558ca2-f7b2-4e69-8446-4ae2fe2308c9;0
00436b5a-af7a-5f43-8e1b-b1297f7a2d0c;0
051803b0-d65e-42bf-ad83-c6f78e38692f;1
079c1a8d-9a19-5915-9971-47bd24a665cf;0
0bb38b6d-1c9b-40e5-b1a5-e474582d8118;0
07d93579-3cf2-5cae-a0cf-4415689fbd6b;1
08d2b94e-a363-4970-b206-437bb11e59c2;1
07915437-b2c7-58c6-a896-1a75781a2c65;1
0c488d2d-1a8e-481b-9eda-5ef313776a05;0
0559ef70-a29a-4af4-89c9-e1962ea7ccd7;0
02902b68-1327-4c26-8e89-e0ca7a8bbe3b;0
0bcac184-f7b5-42b2-a62a-10800e0f0bb6;0
0604229a-156f-4251-bcde-401f10558429;1
0c1b222a-5c4f-47ae-b5dc-c11be361b47b;1
07888cd4-ba3d-404b-b210-d43be90a84ae;1
08d0504a-f036-45be-af18-56c23b0b7ffb;0
0a1538b3-0c68-4d0b-9744-b754f861a6a1;0
04bf23cb-3d76-5d51-923e-5ae8d549e136;1
097cb6fe-34b0-46e9-bc56-e9258993cd94;0
0d2caea2-53ab-5eae-b2aa-f51fd18f1816;0
0cba6003-25f1-56e9-a0b0-a7d961c9c86e;0
0614574f-8e0d-45c4-9f09-4bd0f474f5ce;0
0254a98b-7866-4f16-975f-0c26c1d7d2df;0
022ef337-ad37-42bf-8969-91c1e5866d27;0
0039cc36-dfe4-5e2a-815b-b29e09b0b878;0
03727897-02ca-5559-b522-10f4dd9a4a4d;0
0bf3d6ed-7e7a-4c55-8825-808c8f837dff;0
09305d4c-a4e7-47f7-b0c7-fc0d24f077e4;0
09a5b86d-ca5c-5df1-90ad-7c8377089270;0
0d798a4f-3201-5c86-b484-dffa07eb86df;0
0dacd522-ed64-41d6-ab3c-a838c32ad73c;0
07c4440e-6db1-53b6-b055-1e3833282127;0
0b66ec65-6e5d-4cea-98c5-514a55c9ef3c;1
09d94e05-192b-4337-98eb-92e036b0855a;0
0184fc96-fbfa-4e04-9b11-acc89a6d6c49;0
05ae9e76-b5ad-487d-9440-67be9b5117b6;0
0bf31f14-b1d3-4058-b88a-188de9fe0929;0
0411f3ba-e990-471f-bda6-13b00bfc9148;1
08724617-1b31-4c88-ab0a-4b38d1c27ce8;1
05b3584f-671e-4059-9b53-7f094ba7f51c;0
0779a653-ace6-4845-a251-27f484e5786f;1
05986a91-2d7c-4021-bc62-bf2f0923f095;0
0579be59-e0ea-48b4-8e0a-312b1a2f4163;1
04539065-c52a-5c38-a9ac-de4af3337c4e;1
00e8ad47-142a-5c9c-806e-c21d9cf7ab93;0
0b62721a-6ed0-5ebb-90e4-341545d8cb08;1
01a5701e-acb0-43f7-9ef0-2df46f5f4d9a;1
0cf18d62-dbb4-4926-95d0-4f9e09adf224;1
052529c5-53a3-4e44-aaf1-6fe3077d1bd4;1
0d5304da-3646-42ff-8e8c-3508b5ec21d9;0
00d1e5ac-3104-5bd8-8beb-3778d5bab6ae;1
01cad935-ccb1-4e30-9e7d-fd1c5093f4ad;1
05f7cdcb-e5ed-41fc-b267-545d061672cd;1
072eba5c-7d91-4e66-b9ab-98f93cd66e29;1
0009a2e0-f0fa-494c-af29-c89e7c37042f;1
08235f82-23b0-4709-80b5-3203e726ccb0;1
07dc9ee0-2c29-4ae7-bebe-a469f5b87a99;1
094b3c65-e936-4b95-bcd8-b6f5a1248b84;0
038e90c1-0afa-5665-9928-78e4930e49d2;1
01b7a320-f4d7-549f-ad8e-cdf1636f4c59;1
0205dbc3-1608-4017-ba25-54593fdeefe4;1
04227234-70db-40a4-b039-1a5656560102;1
09d94e05-192b-4337-98eb-92e036b0855a;0
0561ace7-faa6-54b1-8476-980f7a35d93a;1
05bd63a9-46bc-4bb8-b781-8fbb75fd6d5c;1
018698f0-2c3c-4ef0-a4e3-2175726bc219;1
04b4fc65-b2ce-42e3-a451-a0b31e80e0f8;1
0724e09c-7a0e-4ac5-9b67-bbf2d4233035;1
03fc0692-b19a-473c-8dac-9b0ba7a75544;1
0af8f77b-7c59-4444-b142-3a805502ca45;1
08cf112d-9549-46e2-a181-0d6758f2a0bd;1
03a3b872-0b75-5352-9736-5725cd66345e;1
05ae9e76-b5ad-487d-9440-67be9b5117b6;1
0cf6aab6-768a-4e37-befd-a11d099ff3ee;1
06aaec42-5665-58d1-a4d5-d530f32d7bd9;1
0c191926-520a-4048-bc95-f335cdca4370;1
053637ee-ab52-4a8f-a11b-2983fb5287fc;0
0d9efbec-2d4d-5849-8822-d3fe98b9345a;1
034b8533-1109-405d-a87f-c78c976f4d4c;1
0d0c6e8c-3fd8-595a-916f-6e5576f03b3d;1
002bfa10-09c8-48fa-96a3-6ad1ada77631;1
0c492dd1-6d31-5219-b67a-e671dea1d7c0;1
0d0c6e8c-3fd8-595a-916f-6e5576f03b3d;1
0009a2e0-f0fa-494c-af29-c89e7c37042f;1
07dc9ee0-2c29-4ae7-bebe-a469f5b87a99;1
094b3c65-e936-4b95-bcd8-b6f5a1248b84;0
05844641-0d28-42fb-b59a-0eb51097888c;0
031379be-e932-479c-9bfc-fec234488075;0
09239389-f315-436f-9b7d-b34d9bad3379;0
031379be-e932-479c-9bfc-fec234488075;0
0792fda8-e49c-4943-b31a-812691c852f3;1
01961ed8-ad9f-46a7-ba7b-d050395c148a;1
01ea0d6b-4254-4f30-9572-1eda27d6c742;1
057d3d2d-5cef-486d-982a-d0e152d1fa5d;1
09c68521-02ea-4291-86ba-d73a8c9837ea;1
0b4c59c1-2bc4-584e-bb01-cb25d9447baa;1
02367c37-bcba-44c6-8605-708d499fdefd;1
007d3d44-3bd0-521f-aca7-bbbd57ae1e07;1
0258844f-8c1b-54c4-950c-319392065ce3;0
02b49be1-e771-46b6-9709-8c55b5d12f5f;1
097d0490-0039-4c18-9342-97ba55de84a1;1
02b42f3d-b1a4-48ad-a1ce-a26e55e8f96f;1
0984ab90-64ed-57df-97b7-f8ff20b85291;0
051803b0-d65e-42bf-ad83-c6f78e38692f;1
05e3ecb8-cc1d-4f95-959d-b0d0fdcce328;0
05151ac2-871f-4a04-8b9b-e0e6213e5821;1
00998791-a494-4eb7-a1fd-9d00bcc67d36;1
05352f95-6b02-4dff-a4f6-2671bcdb0aea;1
0764d45c-874a-4235-8d34-13bb024113b2;1
05015425-85d1-53e2-9ab5-346ddfcf7750;0
026a68a6-bda0-4ce0-a27c-b0ac1556b83f;1
05b3584f-671e-4059-9b53-7f094ba7f51c;0
085e3a9a-a226-4e0d-8bca-f459b1a8ae89;1
0b4e1132-76b3-5d04-b91e-c0e20973f20b;0
019d5d61-ec0a-581b-8ffb-d8fd26e81dd9;0
077cc99e-ba00-5cc8-b5db-81fdf42b253e;1
0c401800-856c-46b8-b371-41dee17f8a29;1
01a24d7c-0ea4-51b4-ab61-09eb04353e25;0
06d7a0b8-21b2-4e28-9361-7719f3f76d2a;1
014dea8b-93ca-4c89-82c5-531aa9e97d3e;1
0b397c4a-946e-5a92-a311-02bf2eb73514;0
06065853-64e9-5325-a52b-192d22a11115;1
0c7aa6f1-202a-4a0d-a7ee-ed9ecd729879;1
05386c5c-16d9-5b96-91df-48c06ea66866;1
013f8d82-3b54-42e3-88da-afaf454e73c5;1
070cf60b-fd7c-44ef-bad2-dcb0be3cb498;1
06699335-af34-49ef-b974-d567dbc94a6f;1
0008c23a-d591-4b62-96cb-ca57ad76830d;1
01149a96-6d3d-4a1a-a739-039798724307;0
06eb2950-5ccc-4a0f-84aa-7df68765fffc;1
07438256-346c-4f08-a40b-79d9398bed8e;1
032f719b-75f2-48e3-9086-c8794e5e97f8;1
01d2b6a0-be5d-5675-9a39-ad27099560cc;1
0aa8461e-c2ac-46ec-b0ba-9bb8909fb7af;1
00343cf6-82eb-5627-9a1b-80c6b807f666;1
0b004482-5118-5e3a-8f2c-483e1e9febaf;0
03f7f38f-8c4b-4bd3-98a0-b6c93b6118ff;1
0a8ebfe9-b7e7-4340-9062-c81017eb801f;1
003bf542-424e-4da2-8c5a-956d61a246ea;1
04227234-70db-40a4-b039-1a5656560102;1
007d3d44-3bd0-521f-aca7-bbbd57ae1e07;1
07cfc4dd-bf6a-40b1-906c-b98551ea266e;1
0d35d2a9-a732-4845-8c5c-7d444c0201e1;1
0ce6b354-a3bb-460f-bba2-507801fd4db9;1
05feb899-3f33-4db6-8095-318ccc1d1ecc;1
05be5dba-6999-45b8-8cfe-f50db29bebf4;1
04849630-34e9-455a-b90a-5b76f1bcda4e;1
009c538b-66ee-49b6-8ba0-c241b553732b;1
00ff543e-8a6c-4125-a694-b180c0529030;1
09b8b811-8cc4-4975-9eb7-780ad09cc1c9;1
0d869155-1e42-40bf-8dcd-181afcaa2d04;1
0b13a208-52fb-5ded-baed-8dfa671f4af4;1
00343cf6-82eb-5627-9a1b-80c6b807f666;1
0b5da3d5-865f-455c-9240-bff7e4c6f1d1;1
033957d3-1c52-489a-9dac-ac473d7ff6c5;0
061ae05e-f81b-4d71-a0a2-5942ffc0f4e9;0
01a24d7c-0ea4-51b4-ab61-09eb04353e25;0
00396584-cfe4-413e-87a2-da714a838188;1
085e3a9a-a226-4e0d-8bca-f459b1a8ae89;1
0195f7f9-630e-4eeb-b2d8-03ec1a32dea2;1
0349f99a-e0be-4e6f-b347-6b61d57ebcca;1
08cb8937-d890-5a70-a257-23b9677c352f;1
083efdea-b316-55cd-9ebc-fe2f0eddfeda;0
0dacd522-ed64-41d6-ab3c-a838c32ad73c;1
03b5d723-8f61-489a-819a-d9e1a070d28f;1
06ea93ce-de1b-5096-be92-9f2d616a2218;1
0192f448-836d-4a3b-bd99-0335e7624fde;1
03f7f38f-8c4b-4bd3-98a0-b6c93b6118ff;1
020822e4-028c-4e91-921e-7e0c2183d0ae;1
0a88d7c6-7fab-4cb0-81ee-509e83e74879;1
06e32678-c365-5568-b146-0412ab42446c;1
0acf86ef-a1ba-4093-b8f9-60f744adc9ad;1
00bb098e-f676-42ad-8dca-52a75b0612c5;1
082e61cc-bceb-5e74-9ceb-32792d05be50;1
0497aedf-ca21-4824-8228-46e9c8cf2379;1
05778f6b-aca3-4e45-90b3-50a212757c48;1
0c4a65d1-d987-4cd9-b4ee-a7e32c0752d2;1
0cba1faa-4d7f-59d9-b02b-6847b0267f56;1
04f2b3b2-2545-5053-8563-ba6c3838d408;0
00ed1cd6-3c81-4e8c-819b-f719549ef02d;0
0c36b327-e4ba-4375-bf00-fb63b0e2505d;1
0a5ddb53-a34b-4c49-ae6c-e5d4c8e3330f;1
08bede4c-d85f-48e5-a032-d01493e2c505;1
05670a97-2cf8-4f2d-887b-b948d46d7fbe;1
0009a2e0-f0fa-494c-af29-c89e7c37042f;1
0364bc05-7610-4474-bb36-fb29286b8440;1
0c405982-38b5-578c-99a3-cc3cb14364b8;0
0ca05284-d417-4c4c-bcad-2d59d3811fa4;1
0bbb4ff1-47fe-4148-afe9-7781d4da2933;1
04e80209-7ed2-4f34-aaa1-45dfd460e1eb;1
0495880c-6f44-430c-bcf6-266ada073bdb;1
02902b68-1327-4c26-8e89-e0ca7a8bbe3b;1
02902b68-1327-4c26-8e89-e0ca7a8bbe3b;1
090f52e1-e17a-44a5-8891-a9db5607885c;1
09305d4c-a4e7-47f7-b0c7-fc0d24f077e4;1
0cc3418f-1c5f-4704-8649-66591a95d0d4;1
06014402-9a00-4841-bfe6-781bf6484e76;1
00a9192f-8301-4d27-a91f-ff216352d6ff;1
018ba977-f6e1-4d33-aef6-3098eeb2dc04;0
022ef337-ad37-42bf-8969-91c1e5866d27;1
0d15c99d-0fce-4110-938f-8801d06613ab;0
0ce643f2-077f-45bb-9efa-f99bb413e04c;0
01e25d9a-e839-48b3-a609-ee780699deb8;1
08c17f46-eb62-41a3-8f4e-3b361b927a32;0
07436869-7b16-417b-834d-805eeccfd4ee;1
0985350c-44c4-4556-b253-5a24c5c57a92;1
0c5a6f2d-f15a-4158-a6f0-d59175f4d69d;1
0af8f77b-7c59-4444-b142-3a805502ca45;1
056f0f13-5f8d-519f-82a6-690945c30ff0;1
0350b861-6dd9-4509-8f3c-4e0290d002da;1
0a923860-6b82-463c-992c-5fa954a8f9d1;1
03cf0f62-0efd-4801-bf64-d3a030fb690f;1
01ebe964-6ef6-4b78-95de-63e8f7608433;1
0d4ef7c2-d23c-4d9e-99a7-5508e5f224bd;1
0baaed22-75f8-4572-80ea-20ca78ba5e29;1
0bd208f6-6852-4474-9238-b9b5737a8275;1
01271961-82e0-467f-9109-91e862ed6729;1
036380e0-49cc-4c01-908a-fde0c88620d6;1
0975e5b5-619e-4589-919f-87e77cf75527;1
01ea0d6b-4254-4f30-9572-1eda27d6c742;1
0795d36e-b48c-47fe-a816-13bf2562bac4;1
0862d07b-9a82-46c6-acca-e3c152d34f8e;1
009e9236-aa86-52da-84d9-7db061e9c0a9;1
0b62721a-6ed0-5ebb-90e4-341545d8cb08;1
05b9c630-a7f6-4c7b-b6b7-55c237fbe2c1;1
06640eb4-9cfd-4d8a-84f5-ad78615806b4;0
0205ec64-ff66-49c7-b561-6689171ddee0;1
0d9bcb6c-159d-4d56-be1a-93659b41871f;1
0731b93f-a79e-4bf4-9234-76627a645946;1
0c32f14c-78e8-42ee-9a90-65ee5a91df75;1
028582b7-9800-4ccd-a02a-883c6d68356c;1
07489fc9-300f-5be0-9bc8-e735c7d6e412;1
03775e2b-ae97-577e-858b-781d2fa9965c;1
0748b9e0-114f-4ffe-9ed4-3ae5a5f6fa11;1
02eccba4-1f91-4265-8836-d020585c2b69;1
09ba81ee-8e12-4bb7-921a-e34e1bd16d9e;1
094d462c-a251-4e2f-b096-74883ea13b87;0
00d1e5ac-3104-5bd8-8beb-3778d5bab6ae;0
0c191926-520a-4048-bc95-f335cdca4370;1
0cd07afa-3268-44cd-ad59-d90b6ec773ec;1
0748b9e0-114f-4ffe-9ed4-3ae5a5f6fa11;1
0559ef70-a29a-4af4-89c9-e1962ea7ccd7;1
03004262-711f-4c57-bc53-c614d9442a29;1
0d5653c1-7148-4cf8-9aad-4942d79e98eb;1
0975e5b5-619e-4589-919f-87e77cf75527;1
06e891a0-763c-5150-a529-77056bc65a59;1
044a7c86-4cab-435b-b284-2118a725ec89;1
05ae9e76-b5ad-487d-9440-67be9b5117b6;1
0d2caea2-53ab-5eae-b2aa-f51fd18f1816;0
02293fce-f8d6-470c-92ee-403dd7ed19f0;0
02359d74-aa0a-4517-af0b-126b504d5920;1
0c7aa6f1-202a-4a0d-a7ee-ed9ecd729879;1
09239389-f315-436f-9b7d-b34d9bad3379;0
03c8b210-e752-494d-bbcb-66dd93649011;1
03b97c30-ac7c-42d5-9a67-7b9e4470a868;1
061ae05e-f81b-4d71-a0a2-5942ffc0f4e9;0
04836f6e-85e4-54f0-849c-4806b88da032;0
02921bb0-73b0-446d-9eb3-ca613a48e059;1
0a1538b3-0c68-4d0b-9744-b754f861a6a1;0
00396584-cfe4-413e-87a2-da714a838188;1
0604229a-156f-4251-bcde-401f10558429;1
0184fc96-fbfa-4e04-9b11-acc89a6d6c49;0
07c45c46-3e87-4163-bde1-02eb752dc7f0;1
05ca2d4e-6212-5d8b-be37-f4b51d19b62f;1
042af703-fb06-491e-bc95-0a64a19b0423;1
071fe802-e6aa-5172-a2b8-925724c6dcfc;1
02423dbd-0b03-4ca3-86b2-20969fea3120;1
0894fd02-cc3c-5bbb-b0ed-6045da340720;1
02624e9b-ccb1-54d0-ab84-1bc6712d5a6f;1
0a727eb3-fe96-48d4-8609-5f7d47ea734e;1
0ba4e2e9-c9ba-4ca6-b5ff-b0fa3d0b7d79;1
0abcb400-7db8-4271-a362-795bc39cc1f9;1
032f719b-75f2-48e3-9086-c8794e5e97f8;1
0a368ebf-b1a3-4bb3-9bef-974853fdc251;0
0009a2e0-f0fa-494c-af29-c89e7c37042f;1
015dfcab-02d4-46eb-a4a4-2dd6eec32472;1
0258844f-8c1b-54c4-950c-319392065ce3;0
0c058f92-daf6-5757-9a31-961ca4e0e1f1;0
08f095ad-7a10-409e-8511-dc74cf396b40;1
09b5788d-605f-4212-a2db-30dbbd163651;1
033207bf-ac58-44e7-8240-44992f8e55ee;1
0cd00c07-ea01-4506-8b8f-8be419c2f828;1
0d40d72c-cc43-4da0-a72d-c20346a7dcc5;1
07dc9ee0-2c29-4ae7-bebe-a469f5b87a99;1
06014402-9a00-4841-bfe6-781bf6484e76;1
0a368ebf-b1a3-4bb3-9bef-974853fdc251;1
03fc0692-b19a-473c-8dac-9b0ba7a75544;1
0491c726-b887-4ad8-b3f1-0c9f9e42139f;0
0cf18d62-dbb4-4926-95d0-4f9e09adf224;1
082bcb2e-bd1d-4188-a317-3ec482295bbe;1
